{
  "overview": {
    "n_samples_total": 2445,
    "n_features_used": 1,
    "target_name": "Reviews Rating",
    "target_min": 1.0,
    "target_max": 5.0,
    "target_mean": 4.69079754601227,
    "target_std": 0.8433437619454692
  },
  "rating_counts": {
    "1.0": 69,
    "2.0": 43,
    "3.0": 65,
    "4.0": 221,
    "5.0": 2047
  },
  "results_test": {
    "Dummy_mean": {
      "MAE": 0.5458700474729152,
      "RMSE": 0.9155276211598263,
      "R2": -0.0018376760859972752
    },
    "Ridge_TFIDF": {
      "MAE": 0.46063097267540776,
      "RMSE": 0.7853826636225073,
      "R2": 0.26274610021183475
    },
    "Transformer_finetune": {
      "MAE": 0.2830975651741028,
      "RMSE": 0.6570625901222229,
      "R2": 0.48397839069366455
    }
  },
  "ridge_best_params": {
    "model__alpha": 1.0,
    "prep__tfidf__max_features": 10000
  },
  "transformer_model": "distilbert-base-uncased",
  "split_seed": 42
}